pair,class_today,window_days,close_vs_ema200,ema24_vs_ema100,net_ret,move,er24,er72,er168,x9_21,run9_21,x24_100,run24_100,x48_200,run48_200,above100,above200,trend_gross,trend_net,trend_long,trend_short,trend_n,mr_gross,mr_net,mr_n,mrs_gross,mrs_net,mrs_n,vr24,ac6,rvol_d
1000CHEEMS/USD,choppy,7,-0.0123,1,0.0112,0.1476,0.1861,0.0863,0.0406,8.0000,18.6667,1.0000,84.0000,1.0000,84.0000,0.4881,0.4524,-0.0371,-0.0423,-0.0128,-0.0243,2.0000,0.0416,0.0338,3.0000,0.0448,0.0396,2.0000,1.0146,-0.2067,0.0286
1000CHEEMS/USD,choppy,14,-0.0123,1,-0.0543,-0.4961,0.1942,0.0959,0.0671,13.0000,24.0000,4.0000,67.2000,2.0000,112.0000,0.5446,0.5923,-0.1091,-0.1221,-0.0815,-0.0275,5.0000,0.0555,0.0425,5.0000,0.0945,0.0841,4.0000,0.9191,-0.0736,0.0301
1000CHEEMS/USD,choppy,30,-0.0123,1,-0.0074,-0.0458,0.1915,0.1028,0.0654,38.0000,18.4615,8.0000,80.0000,4.0000,144.0000,0.4889,0.4681,-0.0101,-0.0335,-0.0071,-0.0029,9.0000,0.1001,0.0741,10.0000,-0.0051,-0.0207,6.0000,0.9210,-0.0271,0.0295
1000CHEEMS/USD,choppy,90,-0.0123,1,0.1563,0.4639,0.1847,0.1080,0.0650,102.0000,20.9709,25.0000,83.0769,15.0000,135.0000,0.4847,0.4968,-0.1586,-0.2262,-0.0005,-0.1581,26.0000,0.1739,0.1141,23.0000,-0.0608,-0.1180,22.0000,0.8601,-0.0470,0.0330
AAVE/USD,choppy,7,0.0510,1,0.0996,0.7894,0.1776,0.1162,0.1177,13.0000,12.0000,0.0000,168.0000,0.0000,168.0000,1.0000,1.0000,0.0996,0.0970,0.0996,0.0000,1.0000,0.0167,0.0141,1.0000,-0.0274,-0.0326,2.0000,0.6897,0.0796,0.0455
AAVE/USD,choppy,14,0.0510,1,0.2616,1.2571,0.2105,0.1097,0.1035,19.0000,16.8000,4.0000,67.2000,0.0000,336.0000,0.8542,0.9643,-0.1253,-0.1383,0.0614,-0.1867,5.0000,0.0636,0.0558,3.0000,0.0693,0.0563,5.0000,1.0851,0.2308,0.0494
AAVE/USD,choppy,30,0.0510,1,0.3733,1.2859,0.2124,0.1084,0.0832,42.0000,16.7442,12.0000,55.3846,6.0000,102.8571,0.6819,0.7222,-0.0863,-0.1201,0.1252,-0.2115,13.0000,0.0882,0.0700,7.0000,0.0880,0.0646,9.0000,1.1181,0.1759,0.0450
AAVE/USD,choppy,90,0.0510,1,1.0694,1.8585,0.2178,0.1212,0.0828,108.0000,19.8165,31.0000,67.5000,14.0000,144.0000,0.5769,0.6306,0.1472,0.0640,0.4825,-0.3353,32.0000,0.1931,0.1411,20.0000,-0.2544,-0.3142,23.0000,1.1552,0.0447,0.0412
ADA/USD,choppy,7,0.0607,1,0.1135,0.9464,0.1786,0.0870,0.0425,11.0000,14.0000,5.0000,28.0000,2.0000,56.0000,0.5060,0.6429,-0.1636,-0.1792,-0.0241,-0.1395,6.0000,0.0259,0.0233,1.0000,-0.0186,-0.0238,2.0000,0.7749,-0.1763,0.0429
ADA/USD,choppy,14,0.0607,1,0.0716,0.4149,0.1849,0.0864,0.0761,18.0000,17.6842,6.0000,48.0000,2.0000,112.0000,0.6101,0.7768,-0.2037,-0.2219,-0.0629,-0.1408,7.0000,0.0819,0.0741,3.0000,0.0437,0.0333,4.0000,0.7228,-0.1463,0.0446
ADA/USD,choppy,30,0.0607,1,0.2360,0.8886,0.1929,0.1054,0.0790,38.0000,18.4615,10.0000,65.4545,4.0000,144.0000,0.5653,0.6361,-0.1500,-0.1786,0.0402,-0.1902,11.0000,0.1031,0.0875,6.0000,-0.0453,-0.0661,8.0000,0.8231,-0.1036,0.0435
ADA/USD,choppy,90,0.0607,1,0.6235,1.2511,0.1994,0.1259,0.0898,103.0000,20.7692,23.0000,90.0000,14.0000,144.0000,0.5176,0.5458,0.2843,0.2219,0.4119,-0.1276,24.0000,0.0399,-0.0069,18.0000,-0.3326,-0.3846,20.0000,0.9009,-0.0640,0.0408
APT/USD,choppy,7,0.0401,1,0.0588,0.4491,0.1317,0.0663,0.0278,7.0000,21.0000,7.0000,21.0000,4.0000,33.6000,0.4702,0.5238,-0.1774,-0.1982,-0.0582,-0.1192,8.0000,0.0000,0.0000,0.0000,0.0308,0.0256,2.0000,0.3960,-0.3267,0.0481
APT/USD,choppy,14,0.0401,1,0.0651,0.3055,0.1646,0.0782,0.0689,16.0000,19.7647,10.0000,30.5455,4.0000,67.2000,0.6101,0.7530,-0.2110,-0.2396,-0.0712,-0.1398,11.0000,0.0666,0.0614,2.0000,0.0762,0.0658,4.0000,0.5568,-0.1013,0.0552
APT/USD,choppy,30,0.0401,1,0.3603,0.9410,0.1847,0.1116,0.0819,34.0000,20.5714,14.0000,48.0000,6.0000,102.8571,0.5889,0.6750,0.0223,-0.0167,0.1961,-0.1737,15.0000,0.0873,0.0743,5.0000,0.0320,0.0086,9.0000,0.8355,-0.0238,0.0597
APT/USD,choppy,90,0.0401,1,0.3537,0.7063,0.2023,0.1177,0.0790,85.0000,25.1163,29.0000,72.0000,18.0000,113.6842,0.4907,0.5231,0.2211,0.1431,0.3023,-0.0812,30.0000,0.0624,0.0208,16.0000,-0.0635,-0.1155,20.0000,0.8774,-0.0491,0.0452
ARB/USD,choppy,7,-0.0029,-1,-0.0068,-0.0582,0.1145,0.0624,0.0563,11.0000,14.0000,2.0000,56.0000,0.0000,168.0000,0.2321,0.1071,-0.0372,-0.0450,-0.0219,-0.0153,3.0000,0.0633,0.0581,2.0000,0.0627,0.0549,3.0000,0.2446,-0.4109,0.0444
ARB/USD,choppy,14,-0.0029,-1,-0.0668,-0.3255,0.1421,0.0667,0.0569,26.0000,12.4444,5.0000,56.0000,1.0000,168.0000,0.3839,0.4375,-0.1309,-0.1465,-0.0979,-0.0329,6.0000,0.0605,0.0527,3.0000,0.2441,0.2259,7.0000,0.5411,-0.1103,0.0568
ARB/USD,choppy,30,-0.0029,-1,0.1112,0.2507,0.1653,0.1149,0.0924,41.0000,17.1429,7.0000,90.0000,3.0000,180.0000,0.5139,0.5556,0.2359,0.2151,0.2213,0.0146,8.0000,0.2556,0.2348,8.0000,-0.1335,-0.1569,9.0000,0.8232,0.0210,0.0768
ARB/USD,choppy,90,-0.0029,-1,1.6654,1.6295,0.1971,0.1368,0.1011,104.0000,20.5714,26.0000,80.0000,14.0000,144.0000,0.4829,0.5120,0.8601,0.7899,1.0392,-0.1791,27.0000,0.2745,0.2199,21.0000,-0.9203,-0.9827,24.0000,1.2224,0.1319,0.0634
AVAX/USD,choppy,7,0.0432,1,0.0112,0.1221,0.1665,0.0643,0.0317,12.0000,12.9231,4.0000,33.6000,0.0000,168.0000,0.7083,0.9405,-0.1551,-0.1681,-0.0694,-0.0857,5.0000,0.0681,0.0603,3.0000,0.0336,0.0284,2.0000,0.4454,-0.3099,0.0345
AVAX/USD,choppy,14,0.0432,1,0.0434,0.2491,0.1793,0.0824,0.0706,18.0000,17.6842,8.0000,37.3333,0.0000,336.0000,0.6637,0.9583,-0.4047,-0.4281,-0.1732,-0.2315,9.0000,0.1032,0.0902,5.0000,0.0636,0.0532,4.0000,0.7942,0.0349,0.0456
AVAX/USD,choppy,30,0.0432,1,0.4965,1.5180,0.2160,0.1373,0.1021,32.0000,21.8182,12.0000,55.3846,2.0000,240.0000,0.6375,0.7819,-0.0104,-0.0442,0.2272,-0.2375,13.0000,0.1244,0.1036,8.0000,-0.2870,-0.3052,7.0000,1.1385,0.0353,0.0485
AVAX/USD,choppy,90,0.0432,1,0.7749,1.6214,0.2134,0.1156,0.0711,103.0000,20.7692,37.0000,56.8421,23.0000,90.0000,0.5380,0.5912,-0.5246,-0.6234,0.0643,-0.5888,38.0000,0.3245,0.2621,24.0000,-0.2907,-0.3349,17.0000,1.0571,0.0412,0.0373
BNB/USD,choppy,7,0.0012,1,0.0321,0.7560,0.1894,0.0918,0.0392,8.0000,18.6667,3.0000,42.0000,1.0000,84.0000,0.7083,0.7798,-0.0271,-0.0375,0.0024,-0.0295,4.0000,-0.0022,-0.0048,1.0000,0.0389,0.0311,3.0000,0.6359,-0.3109,0.0158
BNB/USD,choppy,14,0.0012,1,-0.0086,-0.1358,0.1750,0.0864,0.0587,20.0000,16.0000,10.0000,30.5455,2.0000,112.0000,0.5327,0.7708,-0.0975,-0.1261,-0.0527,-0.0448,11.0000,0.0186,0.0082,4.0000,0.0448,0.0344,4.0000,0.6015,-0.1485,0.0171
BNB/USD,choppy,30,0.0012,1,0.0405,0.3881,0.2126,0.1084,0.0811,32.0000,21.8182,14.0000,48.0000,6.0000,102.8571,0.5694,0.6903,-0.0855,-0.1245,-0.0212,-0.0643,15.0000,0.0601,0.0367,9.0000,0.0064,-0.0092,6.0000,1.0149,-0.0623,0.0187
BNB/USD,choppy,90,0.0012,1,0.3750,1.8461,0.2132,0.1110,0.0780,96.0000,22.2680,41.0000,51.4286,26.0000,80.0000,0.6014,0.7079,-0.0910,-0.2002,0.1190,-0.2100,42.0000,0.1739,0.1089,25.0000,-0.1117,-0.1611,19.0000,1.0506,0.0338,0.0182
BONK/USD,choppy,7,-0.0144,-1,0.0054,0.0398,0.2331,0.0664,0.0330,5.0000,28.0000,3.0000,42.0000,0.0000,168.0000,0.7500,0.8750,-0.0395,-0.0499,-0.0162,-0.0233,4.0000,0.0535,0.0483,2.0000,0.0857,0.0805,2.0000,0.6865,-0.1028,0.0515
BONK/USD,choppy,14,-0.0144,-1,0.0335,0.1399,0.2013,0.0820,0.0759,19.0000,16.8000,5.0000,56.0000,0.0000,336.0000,0.7798,0.8839,-0.2252,-0.2408,-0.0915,-0.1337,6.0000,0.1092,0.0988,4.0000,0.1699,0.1621,3.0000,0.5947,-0.0814,0.0630
BONK/USD,choppy,30,-0.0144,-1,0.0787,0.2388,0.2237,0.1221,0.0854,29.0000,24.0000,7.0000,90.0000,2.0000,240.0000,0.5625,0.6028,0.1638,0.1430,0.1470,0.0167,8.0000,-0.0068,-0.0250,7.0000,-0.0377,-0.0507,5.0000,0.8744,0.0301,0.0579
BONK/USD,choppy,90,-0.0144,-1,-0.0864,-0.1705,0.2015,0.1249,0.0968,94.0000,22.7368,22.0000,93.9130,7.0000,270.0000,0.3852,0.3736,0.4636,0.4038,0.2573,0.2063,23.0000,-0.0444,-0.1068,24.0000,-0.1917,-0.2307,15.0000,0.8672,-0.0034,0.0559
BTC/USD,choppy,7,0.0078,1,0.0242,0.5506,0.1983,0.0808,0.0420,12.0000,12.9231,7.0000,21.0000,0.0000,168.0000,0.8155,0.9167,-0.0246,-0.0454,-0.0002,-0.0244,8.0000,0.0000,0.0000,0.0000,0.0286,0.0208,3.0000,0.5113,-0.2320,0.0164
BTC/USD,choppy,14,0.0078,1,-0.0067,-0.1108,0.1878,0.0973,0.0910,25.0000,12.9231,10.0000,30.5455,0.0000,336.0000,0.6905,0.8899,-0.0697,-0.0983,-0.0378,-0.0319,11.0000,0.0057,0.0005,2.0000,0.0356,0.0252,4.0000,0.5590,-0.0860,0.0162
BTC/USD,choppy,30,0.0078,1,0.0725,0.7297,0.2139,0.1293,0.0891,40.0000,17.5610,14.0000,48.0000,4.0000,144.0000,0.5500,0.6417,0.0205,-0.0185,0.0472,-0.0267,15.0000,0.0210,0.0054,6.0000,0.0128,-0.0132,10.0000,1.1099,0.1068,0.0175
BTC/USD,choppy,90,0.0078,1,0.3747,1.8775,0.2200,0.1314,0.0897,100.0000,21.3861,33.0000,63.5294,14.0000,144.0000,0.5977,0.6648,-0.0000,-0.0884,0.1733,-0.1733,34.0000,0.0952,0.0406,21.0000,-0.1417,-0.2093,26.0000,1.2278,0.1303,0.0179
CAKE/USD,choppy,7,-0.0512,-1,-0.0558,-0.8121,0.1567,0.1061,0.0799,12.0000,12.9231,0.0000,168.0000,0.0000,168.0000,0.0476,0.0417,0.0558,0.0532,0.0000,0.0558,1.0000,-0.0440,-0.0492,2.0000,0.0330,0.0304,1.0000,0.4798,-0.1719,0.0267
CAKE/USD,choppy,14,-0.0512,-1,-0.0581,-0.4613,0.1807,0.1201,0.0839,17.0000,18.6667,1.0000,168.0000,1.0000,168.0000,0.4077,0.4256,0.1358,0.1306,0.0408,0.0950,2.0000,-0.0798,-0.0876,3.0000,0.1096,0.0992,4.0000,0.7675,-0.0670,0.0347
CAKE/USD,choppy,30,-0.0512,-1,0.0953,0.4040,0.2099,0.1118,0.0873,32.0000,21.8182,5.0000,120.0000,1.0000,360.0000,0.6069,0.6750,0.1273,0.1117,0.1178,0.0095,6.0000,-0.0163,-0.0319,6.0000,0.1747,0.1487,10.0000,0.8627,-0.0607,0.0412
CAKE/USD,choppy,90,-0.0512,-1,0.7424,1.7933,0.2046,0.1106,0.0761,106.0000,20.1869,26.0000,80.0000,15.0000,135.0000,0.6194,0.6954,0.3027,0.2325,0.4577,-0.1550,27.0000,0.1673,0.1153,20.0000,-0.1320,-0.1944,24.0000,1.0006,0.0259,0.0326
CFX/USD,choppy,7,0.0064,1,0.0061,0.0728,0.1587,0.0517,0.0301,14.0000,11.2000,5.0000,28.0000,2.0000,56.0000,0.5833,0.6845,-0.0935,-0.1091,-0.0433,-0.0503,6.0000,0.0731,0.0679,2.0000,0.0863,0.0759,4.0000,0.4213,-0.2144,0.0314
CFX/USD,choppy,14,0.0064,1,-0.0029,-0.0209,0.1775,0.0704,0.0648,22.0000,14.6087,8.0000,37.3333,2.0000,112.0000,0.6190,0.7857,-0.2210,-0.2444,-0.1100,-0.1110,9.0000,0.1063,0.0959,4.0000,0.1264,0.1082,7.0000,0.6876,-0.0822,0.0373
CFX/USD,choppy,30,0.0064,1,0.1082,0.5177,0.1902,0.1081,0.0658,50.0000,14.1176,12.0000,55.3846,6.0000,102.8571,0.6028,0.6625,-0.1506,-0.1844,-0.0205,-0.1302,13.0000,0.0622,0.0466,6.0000,0.1366,0.1080,11.0000,0.8306,-0.0582,0.0362
CFX/USD,choppy,90,0.0064,1,0.2971,0.6877,0.1887,0.1089,0.0651,113.0000,18.9474,35.0000,60.0000,15.0000,135.0000,0.5699,0.5968,-0.3815,-0.4751,-0.0518,-0.3297,36.0000,0.2341,0.1847,19.0000,0.0946,0.0374,22.0000,0.6030,-0.1229,0.0399
CRV/USD,choppy,7,-0.0231,-1,-0.0587,-0.5439,0.1649,0.0901,0.0604,7.0000,21.0000,7.0000,21.0000,1.0000,84.0000,0.5655,0.7976,-0.1506,-0.1714,-0.1037,-0.0469,8.0000,0.0313,0.0261,2.0000,0.0000,0.0000,0.0000,0.4143,-0.1155,0.0420
CRV/USD,choppy,14,-0.0231,-1,0.0109,0.0543,0.1807,0.0854,0.0480,18.0000,17.6842,11.0000,28.0000,5.0000,56.0000,0.5744,0.7173,-0.4148,-0.4460,-0.1948,-0.2201,12.0000,0.1036,0.0932,4.0000,-0.0136,-0.0188,2.0000,1.0385,0.2102,0.0532
CRV/USD,choppy,30,-0.0231,-1,-0.0433,-0.1507,0.1718,0.0923,0.0477,37.0000,18.9474,17.0000,40.0000,9.0000,72.0000,0.5153,0.6083,-0.5185,-0.5653,-0.2735,-0.2450,18.0000,0.0690,0.0508,7.0000,0.0232,0.0076,6.0000,0.8160,0.0755,0.0536
CRV/USD,choppy,90,-0.0231,-1,0.7762,1.2295,0.1883,0.1111,0.0676,100.0000,21.3861,38.0000,55.3846,23.0000,90.0000,0.5431,0.6333,-0.5235,-0.6249,0.0647,-0.5882,39.0000,0.2900,0.2406,19.0000,-0.2696,-0.3346,25.0000,0.9086,0.0569,0.0493
DOGE/USD,choppy,7,-0.0083,1,0.0015,0.0199,0.1701,0.0604,0.0347,12.0000,12.9231,5.0000,28.0000,4.0000,33.6000,0.4286,0.5238,-0.1667,-0.1823,-0.0811,-0.0855,6.0000,0.0256,0.0230,1.0000,0.0512,0.0434,3.0000,0.5047,-0.3713,0.0284
DOGE/USD,choppy,14,-0.0083,1,-0.0621,-0.4956,0.1823,0.0804,0.0714,25.0000,12.9231,8.0000,37.3333,4.0000,67.2000,0.5119,0.6726,-0.2928,-0.3162,-0.1752,-0.1176,9.0000,0.0407,0.0329,3.0000,0.0669,0.0565,4.0000,0.7184,-0.1183,0.0346
DOGE/USD,choppy,30,-0.0083,1,0.0474,0.2472,0.2146,0.1163,0.0818,42.0000,16.7442,10.0000,65.4545,6.0000,102.8571,0.4861,0.5681,-0.1467,-0.1753,-0.0453,-0.1014,11.0000,0.0960,0.0752,8.0000,-0.0589,-0.0771,7.0000,1.1817,0.0500,0.0342
DOGE/USD,choppy,90,-0.0083,1,0.2914,0.8217,0.2019,0.1092,0.0712,122.0000,17.5610,37.0000,56.8421,19.0000,108.0000,0.4449,0.4528,-0.2146,-0.3134,0.0380,-0.2526,38.0000,0.2144,0.1442,27.0000,-0.2219,-0.2765,21.0000,0.9986,0.0257,0.0328
DOT/USD,choppy,7,0.0092,1,0.0176,0.1541,0.1525,0.0563,0.0340,10.0000,15.2727,5.0000,28.0000,2.0000,56.0000,0.6190,0.7024,-0.2902,-0.3058,-0.1323,-0.1579,6.0000,0.1019,0.0967,2.0000,0.0665,0.0587,3.0000,0.4188,-0.3423,0.0429
DOT/USD,choppy,14,0.0092,1,0.0262,0.1446,0.1825,0.0734,0.0475,20.0000,16.0000,8.0000,37.3333,2.0000,112.0000,0.6429,0.7500,-0.4116,-0.4350,-0.1863,-0.2252,9.0000,0.1458,0.1354,4.0000,0.0726,0.0596,5.0000,0.6547,-0.1591,0.0479
DOT/USD,choppy,30,0.0092,1,0.2586,0.7870,0.2107,0.1217,0.0806,35.0000,20.0000,10.0000,65.4545,4.0000,144.0000,0.6528,0.7319,-0.1519,-0.1805,0.0475,-0.1995,11.0000,0.1746,0.1564,7.0000,-0.1567,-0.1775,8.0000,0.8718,-0.0842,0.0533
DOT/USD,choppy,90,0.0092,1,0.4673,0.9937,0.2147,0.1221,0.0804,96.0000,22.2680,27.0000,77.1429,17.0000,120.0000,0.4903,0.5208,-0.0108,-0.0836,0.2118,-0.2226,28.0000,0.1999,0.1453,21.0000,-0.3827,-0.4347,20.0000,0.9388,-0.0688,0.0407
EIGEN/USD,choppy,7,-0.0154,-1,-0.0091,-0.0716,0.1504,0.0692,0.0246,12.0000,12.9231,4.0000,33.6000,4.0000,33.6000,0.4464,0.5417,-0.2627,-0.2757,-0.1309,-0.1318,5.0000,0.0235,0.0183,2.0000,0.0506,0.0480,1.0000,0.5376,-0.3395,0.0482
EIGEN/USD,choppy,14,-0.0154,-1,0.0166,0.0741,0.1757,0.0776,0.0561,19.0000,16.8000,5.0000,56.0000,4.0000,67.2000,0.5565,0.7411,-0.2246,-0.2402,-0.0988,-0.1257,6.0000,0.0362,0.0284,3.0000,0.0470,0.0392,3.0000,0.7114,-0.1563,0.0595
EIGEN/USD,choppy,30,-0.0154,-1,0.1765,0.4924,0.1834,0.0988,0.0569,33.0000,21.1765,9.0000,72.0000,8.0000,80.0000,0.5944,0.6875,-0.1819,-0.2079,0.0101,-0.1920,10.0000,0.2283,0.2075,8.0000,-0.0298,-0.0454,6.0000,0.7083,-0.1254,0.0603
EIGEN/USD,choppy,90,-0.0154,-1,0.0592,0.1162,0.1831,0.1018,0.0679,107.0000,20.0000,33.0000,63.5294,18.0000,113.6842,0.4593,0.4662,-0.4307,-0.5191,-0.1433,-0.2874,34.0000,0.5232,0.4582,25.0000,0.1292,0.0720,22.0000,0.7403,-0.1170,0.0521
ENA/USD,choppy,7,-0.0225,-1,-0.0484,-0.3042,0.2070,0.0899,0.0715,6.0000,24.0000,4.0000,33.6000,3.0000,42.0000,0.3155,0.4226,-0.2203,-0.2333,-0.1316,-0.0887,5.0000,0.0000,0.0000,0.0000,0.0910,0.0858,2.0000,0.6681,-0.1933,0.0616
ENA/USD,choppy,14,-0.0225,-1,0.1448,0.5432,0.2150,0.1236,0.1031,12.0000,25.8462,5.0000,56.0000,3.0000,84.0000,0.5685,0.7113,-0.0137,-0.0293,0.0733,-0.0870,6.0000,0.0950,0.0872,3.0000,-0.0453,-0.0557,4.0000,1.1279,0.0003,0.0665
ENA/USD,choppy,30,-0.0225,-1,0.3561,0.7791,0.2048,0.1359,0.1070,27.0000,25.7143,7.0000,90.0000,5.0000,120.0000,0.5208,0.5931,0.5188,0.4980,0.5035,0.0153,8.0000,0.1528,0.1346,7.0000,-0.4430,-0.4586,6.0000,0.8704,-0.0272,0.0714
ENA/USD,choppy,90,-0.0225,-1,2.2119,1.9348,0.2106,0.1323,0.0944,90.0000,23.7363,24.0000,86.4000,16.0000,127.0588,0.5454,0.6301,0.5541,0.4891,1.0495,-0.4954,25.0000,0.4119,0.3625,19.0000,-1.2050,-1.2622,22.0000,1.0795,0.0293,0.0636
ETH/USD,choppy,7,-0.0017,1,0.0007,0.0157,0.1615,0.0429,0.0216,13.0000,12.0000,6.0000,24.0000,0.0000,168.0000,0.5893,0.7798,-0.0770,-0.0952,-0.0378,-0.0391,7.0000,0.0005,-0.0021,1.0000,0.0482,0.0404,3.0000,0.3709,-0.2954,0.0170
ETH/USD,choppy,14,-0.0017,1,-0.0217,-0.3242,0.1599,0.0657,0.0631,29.0000,11.2000,10.0000,30.5455,0.0000,336.0000,0.5714,0.8482,-0.1934,-0.2220,-0.1066,-0.0869,11.0000,0.0039,-0.0039,3.0000,0.0939,0.0783,6.0000,0.4435,-0.1315,0.0181
ETH/USD,choppy,30,-0.0017,1,0.0809,0.6291,0.1956,0.1035,0.0602,43.0000,16.3636,16.0000,42.3529,4.0000,144.0000,0.6222,0.7722,-0.2546,-0.2988,-0.0845,-0.1701,17.0000,0.0331,0.0123,8.0000,0.0605,0.0319,11.0000,0.8588,-0.0636,0.0226
ETH/USD,choppy,90,-0.0017,1,0.5462,1.9149,0.2113,0.1171,0.0754,118.0000,18.1513,39.0000,54.0000,12.0000,166.1538,0.6065,0.7347,-0.2934,-0.3974,0.0942,-0.3876,40.0000,0.0611,0.0143,18.0000,-0.0569,-0.1349,30.0000,1.1759,0.0577,0.0240
FET/USD,choppy,7,0.0240,1,0.0698,0.4144,0.1845,0.0885,0.0481,12.0000,12.9231,3.0000,42.0000,0.0000,168.0000,0.5536,0.8155,-0.2565,-0.2669,-0.0885,-0.1679,4.0000,0.0523,0.0471,2.0000,-0.0219,-0.0271,2.0000,0.9243,0.1473,0.0616
FET/USD,choppy,14,0.0240,1,0.1770,0.6961,0.2048,0.1216,0.0915,21.0000,15.2727,4.0000,67.2000,0.0000,336.0000,0.6577,0.8958,-0.1812,-0.1942,-0.0010,-0.1802,5.0000,0.1212,0.1108,4.0000,-0.1281,-0.1359,3.0000,1.1466,0.1116,0.0626
FET/USD,choppy,30,0.0240,1,0.4029,1.0278,0.2233,0.1305,0.0831,39.0000,18.0000,10.0000,65.4545,8.0000,80.0000,0.6014,0.7528,-0.0689,-0.0975,0.1657,-0.2346,11.0000,0.1068,0.0886,7.0000,-0.2881,-0.3063,7.0000,1.1622,0.1154,0.0601
FET/USD,choppy,90,0.0240,1,0.5172,0.9083,0.2086,0.1198,0.0842,110.0000,19.4595,25.0000,83.0769,15.0000,135.0000,0.4278,0.4352,0.0983,0.0307,0.3046,-0.2063,26.0000,0.0881,0.0283,23.0000,-0.4303,-0.4771,18.0000,1.1289,0.0938,0.0484
FIL/USD,choppy,7,0.0752,1,0.0839,0.6227,0.1684,0.0947,0.0419,10.0000,15.2727,5.0000,28.0000,2.0000,56.0000,0.6012,0.7440,-0.0175,-0.0331,0.0338,-0.0513,6.0000,0.0540,0.0488,2.0000,-0.0547,-0.0599,2.0000,0.7566,-0.2531,0.0489
FIL/USD,choppy,14,0.0752,1,0.1530,0.6577,0.2080,0.0940,0.0641,16.0000,19.7647,8.0000,37.3333,2.0000,112.0000,0.6607,0.8244,-0.1540,-0.1774,-0.0003,-0.1538,9.0000,0.1415,0.1311,4.0000,-0.0140,-0.0244,4.0000,0.8752,-0.0056,0.0579
FIL/USD,choppy,30,0.0752,1,0.4535,1.1341,0.2389,0.1300,0.0645,29.0000,24.0000,14.0000,48.0000,6.0000,102.8571,0.6625,0.7889,-0.1304,-0.1694,0.1289,-0.2593,15.0000,0.1332,0.1176,6.0000,-0.2458,-0.2640,7.0000,1.2677,0.0848,0.0602
FIL/USD,choppy,90,0.0752,1,0.5141,0.9452,0.2307,0.1227,0.0680,87.0000,24.5455,37.0000,56.8421,19.0000,108.0000,0.5199,0.5338,-0.1466,-0.2454,0.1500,-0.2966,38.0000,0.1138,0.0592,21.0000,-0.4333,-0.4801,18.0000,1.1782,0.0474,0.0463
FLOKI/USD,choppy,7,0.0356,1,0.0662,0.5548,0.1594,0.0714,0.0443,10.0000,15.2727,7.0000,21.0000,5.0000,28.0000,0.5179,0.5298,-0.2829,-0.3037,-0.1053,-0.1775,8.0000,0.0414,0.0388,1.0000,0.0338,0.0260,3.0000,0.5631,-0.1529,0.0437
FLOKI/USD,choppy,14,0.0356,1,-0.0254,-0.1549,0.1733,0.0838,0.0673,16.0000,19.7647,10.0000,30.5455,6.0000,48.0000,0.5536,0.6458,-0.4286,-0.4572,-0.2205,-0.2081,11.0000,0.0535,0.0457,3.0000,0.0664,0.0534,5.0000,0.7821,-0.0030,0.0444
FLOKI/USD,choppy,30,0.0356,1,0.1203,0.4724,0.1949,0.1041,0.0689,31.0000,22.5000,12.0000,55.3846,8.0000,80.0000,0.5375,0.5653,-0.2273,-0.2611,-0.0486,-0.1787,13.0000,0.0238,0.0082,6.0000,-0.0142,-0.0376,9.0000,0.9487,0.0922,0.0439
FLOKI/USD,choppy,90,0.0356,1,0.3050,0.6978,0.1909,0.1087,0.0758,95.0000,22.5000,31.0000,67.5000,17.0000,120.0000,0.4417,0.4167,-0.2807,-0.3639,0.0175,-0.2983,32.0000,0.0340,-0.0180,20.0000,-0.1750,-0.2296,21.0000,0.9666,0.0321,0.0402
HBAR/USD,choppy,7,-0.0185,-1,-0.0398,-0.4596,0.1852,0.1007,0.0766,10.0000,15.2727,3.0000,42.0000,1.0000,84.0000,0.2321,0.6548,0.0074,-0.0030,-0.0164,0.0238,4.0000,0.0305,0.0279,1.0000,0.0082,0.0056,1.0000,0.4272,-0.2053,0.0334
HBAR/USD,choppy,14,-0.0185,-1,0.0114,0.0528,0.2215,0.1198,0.1116,19.0000,16.8000,3.0000,84.0000,1.0000,168.0000,0.5476,0.8274,0.0603,0.0499,0.0365,0.0238,4.0000,0.0305,0.0279,1.0000,-0.0026,-0.0156,5.0000,2.0264,0.1107,0.0576
HBAR/USD,choppy,30,-0.0185,-1,0.2411,0.7985,0.2162,0.1330,0.0982,32.0000,21.8182,7.0000,90.0000,5.0000,120.0000,0.5431,0.6736,0.2972,0.2764,0.2812,0.0160,8.0000,0.0324,0.0246,3.0000,-0.1764,-0.2024,10.0000,1.5665,0.0844,0.0494
HBAR/USD,choppy,90,-0.0185,-1,0.4383,1.0337,0.1990,0.1216,0.0865,88.0000,24.2697,22.0000,93.9130,12.0000,166.1538,0.4505,0.4972,0.5249,0.4651,0.4769,0.0480,23.0000,0.0484,0.0094,15.0000,-0.3039,-0.3585,21.0000,1.1900,0.0158,0.0371
ICP/USD,choppy,7,0.0220,1,-0.0061,-0.0440,0.1410,0.0768,0.0513,11.0000,14.0000,2.0000,56.0000,0.0000,168.0000,0.7857,0.9881,-0.0774,-0.0852,-0.0406,-0.0368,3.0000,0.0655,0.0603,2.0000,0.0843,0.0765,3.0000,0.3360,0.0406,0.0529
ICP/USD,choppy,14,0.0220,1,0.1351,0.5816,0.1599,0.0780,0.0677,19.0000,16.8000,4.0000,67.2000,0.0000,336.0000,0.7827,0.9524,-0.1569,-0.1699,-0.0119,-0.1451,5.0000,0.1185,0.1081,4.0000,0.1017,0.0861,6.0000,0.6055,0.1630,0.0582
ICP/USD,choppy,30,0.0220,1,0.2718,0.8108,0.1854,0.1099,0.0716,35.0000,20.0000,10.0000,65.4545,4.0000,144.0000,0.6708,0.8194,-0.1234,-0.1520,0.0632,-0.1866,11.0000,0.2064,0.1856,8.0000,0.0215,-0.0045,10.0000,0.6997,0.0924,0.0541
ICP/USD,choppy,90,0.0220,1,0.5394,1.0857,0.1825,0.0954,0.0586,110.0000,19.4595,31.0000,67.5000,15.0000,135.0000,0.5921,0.6634,-0.3559,-0.4391,0.0491,-0.4050,32.0000,0.3457,0.2885,22.0000,-0.0053,-0.0677,24.0000,0.7067,-0.0292,0.0419
LINK/USD,choppy,7,-0.0039,-1,-0.0454,-0.5899,0.1861,0.0721,0.0574,7.0000,21.0000,5.0000,28.0000,1.0000,84.0000,0.2976,0.6548,-0.0776,-0.0932,-0.0615,-0.0160,6.0000,0.0143,0.0091,2.0000,0.0323,0.0271,2.0000,0.4136,-0.3638,0.0298
LINK/USD,choppy,14,-0.0039,-1,0.0742,0.4317,0.2052,0.1001,0.0921,12.0000,25.8462,7.0000,42.0000,1.0000,168.0000,0.5655,0.7798,-0.1391,-0.1599,-0.0295,-0.1096,8.0000,0.0786,0.0682,4.0000,0.0022,-0.0082,4.0000,0.9645,0.0065,0.0443
LINK/USD,choppy,30,-0.0039,-1,0.1287,0.5410,0.2312,0.1328,0.0951,22.0000,31.3043,9.0000,72.0000,3.0000,180.0000,0.5389,0.6181,0.0362,0.0102,0.0846,-0.0484,10.0000,0.0808,0.0626,7.0000,0.0437,0.0203,9.0000,0.9817,0.0498,0.0408
LINK/USD,choppy,90,-0.0039,-1,0.8282,1.8533,0.2158,0.1198,0.0846,89.0000,24.0000,32.0000,65.4545,11.0000,180.0000,0.6093,0.6944,0.0168,-0.0690,0.3439,-0.3271,33.0000,0.2190,0.1696,19.0000,-0.1730,-0.2432,27.0000,0.9875,0.0259,0.0343
LISTA/USD,choppy,7,-0.0366,-1,-0.0606,-0.6167,0.1574,0.0505,0.0342,9.0000,16.8000,5.0000,28.0000,3.0000,42.0000,0.4345,0.5357,-0.1672,-0.1828,-0.1121,-0.0552,6.0000,0.0306,0.0228,3.0000,0.0000,0.0000,0.0000,0.4361,-0.3590,0.0383
LISTA/USD,choppy,14,-0.0366,-1,-0.0552,-0.3458,0.2111,0.0774,0.0572,13.0000,24.0000,9.0000,33.6000,3.0000,84.0000,0.5506,0.6577,-0.4577,-0.4837,-0.2487,-0.2090,10.0000,0.1033,0.0903,5.0000,-0.0247,-0.0273,1.0000,0.8496,-0.0282,0.0439
LISTA/USD,choppy,30,-0.0366,-1,0.0445,0.1786,0.2262,0.1072,0.0563,26.0000,26.6667,15.0000,45.0000,7.0000,90.0000,0.5667,0.6514,-0.5579,-0.5995,-0.2478,-0.3101,16.0000,0.0977,0.0769,8.0000,-0.0728,-0.0858,5.0000,0.9774,0.0276,0.0445
LISTA/USD,choppy,90,-0.0366,-1,0.7415,1.1073,0.2096,0.1155,0.0655,94.0000,22.7368,36.0000,58.3784,20.0000,102.8571,0.5944,0.6472,-0.6474,-0.7436,-0.0151,-0.6323,37.0000,0.1561,0.1145,16.0000,-0.5036,-0.5478,17.0000,0.8193,-0.0201,0.0528
LTC/USD,choppy,7,-0.0004,-1,0.0281,0.3419,0.1474,0.0963,0.0348,12.0000,12.9231,2.0000,56.0000,0.0000,168.0000,0.6190,0.8095,-0.0546,-0.0598,-0.0130,-0.0416,2.0000,0.0142,0.0116,1.0000,0.0168,0.0116,2.0000,0.3490,-0.3867,0.0306
LTC/USD,choppy,14,-0.0004,-1,0.1014,0.5891,0.1729,0.1250,0.0994,17.0000,18.6667,3.0000,84.0000,0.0000,336.0000,0.7202,0.8988,0.0349,0.0271,0.0676,-0.0327,3.0000,0.0299,0.0221,3.0000,-0.0147,-0.0251,4.0000,0.8872,0.1192,0.0438
LTC/USD,choppy,30,-0.0004,-1,0.2786,1.1204,0.1998,0.1357,0.0910,35.0000,20.0000,7.0000,90.0000,2.0000,240.0000,0.6972,0.8250,0.1259,0.1077,0.2013,-0.0754,7.0000,0.0104,-0.0026,5.0000,-0.1281,-0.1489,8.0000,0.7994,0.0020,0.0400
LTC/USD,choppy,90,-0.0004,-1,0.5927,1.6139,0.1983,0.1208,0.0809,108.0000,19.8165,24.0000,86.4000,18.0000,113.6842,0.5829,0.6500,0.2827,0.2203,0.3949,-0.1121,24.0000,0.0390,-0.0052,17.0000,-0.2548,-0.3146,23.0000,0.8094,-0.0025,0.0304
NEAR/USD,choppy,7,0.0391,1,0.0318,0.2119,0.2291,0.0915,0.0448,3.0000,42.0000,3.0000,42.0000,2.0000,56.0000,0.5595,0.7560,-0.0450,-0.0554,-0.0058,-0.0392,4.0000,0.0000,0.0000,0.0000,-0.0002,-0.0054,2.0000,0.9401,-0.1064,0.0558
NEAR/USD,choppy,14,0.0391,1,0.1787,0.5982,0.2114,0.0993,0.0880,13.0000,24.0000,4.0000,67.2000,2.0000,112.0000,0.7113,0.8750,-0.0708,-0.0838,0.0503,-0.1211,5.0000,0.0725,0.0699,1.0000,0.2220,0.2064,6.0000,0.7483,-0.1224,0.0735
NEAR/USD,choppy,30,0.0391,1,1.1160,1.7899,0.2214,0.1255,0.1086,33.0000,21.1765,8.0000,80.0000,2.0000,240.0000,0.7542,0.8972,0.6216,0.5982,0.8089,-0.1873,9.0000,0.0850,0.0798,2.0000,-0.1869,-0.2155,11.0000,1.0197,0.0565,0.0765
NEAR/USD,choppy,90,0.0391,1,1.7232,1.8820,0.2123,0.1181,0.0837,94.0000,22.7368,31.0000,67.5000,13.0000,154.2857,0.5491,0.5713,0.5874,0.5042,0.9409,-0.3534,32.0000,0.1247,0.0831,16.0000,-0.2414,-0.3090,26.0000,1.0032,0.0594,0.0561
ONDO/USD,choppy,7,-0.0016,-1,-0.0295,-0.2608,0.1152,0.0566,0.0582,15.0000,10.5000,2.0000,56.0000,3.0000,42.0000,0.2143,0.4881,-0.0295,-0.0373,-0.0294,-0.0001,3.0000,0.1214,0.1136,3.0000,0.0297,0.0271,1.0000,0.2292,-0.5264,0.0435
ONDO/USD,choppy,14,-0.0016,-1,0.1350,0.5225,0.1642,0.1089,0.1043,21.0000,15.2727,5.0000,56.0000,3.0000,84.0000,0.4643,0.7440,-0.0433,-0.0589,0.0478,-0.0911,6.0000,0.1638,0.1508,5.0000,-0.0781,-0.0859,3.0000,1.2480,0.0815,0.0648
ONDO/USD,choppy,30,-0.0016,-1,0.3133,0.8716,0.1969,0.1235,0.1005,40.0000,17.5610,9.0000,72.0000,5.0000,120.0000,0.5167,0.6472,0.1586,0.1326,0.2286,-0.0700,10.0000,0.1640,0.1432,8.0000,-0.1203,-0.1385,7.0000,1.1009,0.0432,0.0571
ONDO/USD,choppy,90,-0.0016,-1,0.5733,0.9935,0.2075,0.1205,0.0849,105.0000,20.3774,24.0000,86.4000,12.0000,166.1538,0.4569,0.5394,0.2982,0.2332,0.4011,-0.1029,25.0000,0.2113,0.1567,21.0000,-0.3308,-0.3828,20.0000,1.0524,0.0305,0.0481
PAXG/USD,choppy,7,-0.0004,1,-0.0023,-0.0876,0.1376,0.0937,0.0946,12.0000,12.9231,1.0000,84.0000,0.0000,168.0000,0.1667,0.0179,0.0043,-0.0009,0.0010,0.0033,2.0000,0.0037,0.0011,1.0000,0.0333,0.0203,5.0000,0.2288,-0.1176,0.0099
PAXG/USD,choppy,14,-0.0004,1,-0.0429,-1.1830,0.1891,0.1326,0.0998,18.0000,17.6842,1.0000,168.0000,0.0000,336.0000,0.1012,0.0238,0.0449,0.0397,0.0010,0.0438,2.0000,-0.0143,-0.0221,3.0000,0.0333,0.0203,5.0000,0.9037,0.1676,0.0099
PAXG/USD,choppy,30,-0.0004,1,-0.0556,-0.9487,0.1799,0.1150,0.0729,39.0000,18.0000,7.0000,90.0000,2.0000,240.0000,0.2347,0.1597,0.0086,-0.0122,-0.0237,0.0323,8.0000,0.0118,-0.0194,12.0000,0.0509,0.0301,8.0000,0.5954,-0.0827,0.0110
PAXG/USD,choppy,90,-0.0004,1,0.0242,0.2289,0.2184,0.1336,0.0950,95.0000,22.5000,27.0000,77.1429,10.0000,196.3636,0.4241,0.4208,0.0025,-0.0703,0.0156,-0.0131,28.0000,0.0785,0.0057,28.0000,-0.0004,-0.0602,23.0000,0.9850,-0.0353,0.0110
PENDLE/USD,choppy,7,-0.0244,1,0.0145,0.1264,0.1485,0.0706,0.0421,10.0000,15.2727,3.0000,42.0000,1.0000,84.0000,0.5060,0.4286,-0.2049,-0.2153,-0.0925,-0.1124,4.0000,0.0288,0.0236,2.0000,0.1031,0.0953,3.0000,0.3991,-0.2810,0.0431
PENDLE/USD,choppy,14,-0.0244,1,-0.0254,-0.1356,0.1537,0.0783,0.0379,20.0000,16.0000,5.0000,56.0000,4.0000,67.2000,0.4881,0.5179,-0.2723,-0.2879,-0.1453,-0.1270,6.0000,0.0158,0.0054,4.0000,0.2368,0.2212,6.0000,0.5844,-0.0828,0.0508
PENDLE/USD,choppy,30,-0.0244,1,0.1310,0.4071,0.1942,0.1040,0.0628,37.0000,18.9474,10.0000,65.4545,4.0000,144.0000,0.6194,0.7125,-0.3411,-0.3697,-0.1014,-0.2397,11.0000,0.1374,0.1218,6.0000,0.1770,0.1484,11.0000,0.8219,-0.0216,0.0552
PENDLE/USD,choppy,90,-0.0244,1,0.5865,1.0361,0.1950,0.1043,0.0665,107.0000,20.0000,26.0000,80.0000,8.0000,240.0000,0.5500,0.6005,-0.2128,-0.2830,0.1509,-0.3637,27.0000,0.2049,0.1607,17.0000,0.1626,0.0924,27.0000,0.8177,-0.0883,0.0470
PENGU/USD,choppy,7,-0.0299,-1,-0.0640,-0.4393,0.2033,0.0667,0.0285,7.0000,21.0000,8.0000,18.6667,2.0000,56.0000,0.4345,0.5357,-0.2784,-0.2992,-0.1693,-0.1091,8.0000,0.1261,0.1209,2.0000,0.0529,0.0477,2.0000,0.6609,-0.1929,0.0569
PENGU/USD,choppy,14,-0.0299,-1,-0.0917,-0.4033,0.1846,0.0869,0.0815,15.0000,21.0000,11.0000,28.0000,2.0000,112.0000,0.6190,0.7292,-0.4476,-0.4762,-0.2669,-0.1807,11.0000,0.2223,0.2119,4.0000,0.1777,0.1647,5.0000,0.5176,-0.1944,0.0638
PENGU/USD,choppy,30,-0.0299,-1,0.0633,0.1933,0.1963,0.1197,0.0920,30.0000,23.2258,13.0000,51.4286,5.0000,120.0000,0.4986,0.5208,0.0251,-0.0087,0.0741,-0.0490,13.0000,0.1836,0.1628,8.0000,-0.0637,-0.0819,7.0000,0.8289,-0.0904,0.0580
PENGU/USD,choppy,90,-0.0299,-1,0.5039,0.8556,0.1991,0.1197,0.0829,86.0000,24.8276,34.0000,61.7143,21.0000,98.1818,0.4917,0.5153,0.1075,0.0191,0.3349,-0.2273,34.0000,0.2944,0.2372,22.0000,-0.4187,-0.4655,18.0000,0.9016,-0.0775,0.0503
PEPE/USD,choppy,7,-0.0162,-1,0.0118,0.1060,0.1844,0.0529,0.0327,7.0000,21.0000,6.0000,24.0000,3.0000,42.0000,0.4881,0.5119,-0.1972,-0.2154,-0.0909,-0.1063,7.0000,0.0239,0.0213,1.0000,0.0158,0.0106,2.0000,0.6446,-0.0444,0.0420
PEPE/USD,choppy,14,-0.0162,-1,-0.1250,-0.7880,0.1819,0.0830,0.0677,17.0000,18.6667,11.0000,28.0000,4.0000,67.2000,0.3661,0.6310,-0.3555,-0.3867,-0.2393,-0.1162,12.0000,-0.0011,-0.0115,4.0000,0.0158,0.0106,2.0000,0.7974,0.0314,0.0453
PEPE/USD,choppy,30,-0.0162,-1,0.1861,0.5679,0.2011,0.1092,0.0777,36.0000,19.4595,15.0000,45.0000,6.0000,102.8571,0.4986,0.5819,-0.1072,-0.1488,0.0474,-0.1545,16.0000,0.0198,0.0042,6.0000,-0.1603,-0.1785,7.0000,1.0543,0.1345,0.0549
PEPE/USD,choppy,90,-0.0162,-1,0.6486,1.0925,0.1931,0.1171,0.0764,106.0000,20.1869,34.0000,61.7143,18.0000,113.6842,0.4755,0.5634,-0.1276,-0.2186,0.2384,-0.3660,35.0000,0.0696,0.0228,18.0000,-0.5393,-0.5861,18.0000,1.0663,0.0766,0.0482
POL/USD,choppy,7,-0.0268,-1,-0.0870,-0.9625,0.1581,0.0856,0.0576,11.0000,14.0000,1.0000,84.0000,1.0000,84.0000,0.1488,0.1667,0.0080,0.0028,-0.0405,0.0485,2.0000,0.0981,0.0903,3.0000,0.0177,0.0151,1.0000,0.4283,-0.3065,0.0357
POL/USD,choppy,14,-0.0268,-1,-0.0158,-0.0891,0.2071,0.1076,0.0680,16.0000,19.7647,3.0000,84.0000,1.0000,168.0000,0.4345,0.5149,-0.0614,-0.0718,-0.0356,-0.0258,4.0000,0.1571,0.1441,5.0000,0.0331,0.0253,3.0000,0.7960,-0.0837,0.0478
POL/USD,choppy,30,-0.0268,-1,0.0989,0.3744,0.1774,0.0908,0.0578,43.0000,16.3636,11.0000,60.0000,9.0000,72.0000,0.5931,0.6208,-0.1787,-0.2099,-0.0370,-0.1417,12.0000,0.2233,0.2025,8.0000,0.1003,0.0769,9.0000,0.6851,-0.1496,0.0460
POL/USD,choppy,90,-0.0268,-1,0.4148,0.8803,0.1947,0.1330,0.1002,102.0000,20.9709,17.0000,120.0000,15.0000,135.0000,0.5546,0.5676,0.5391,0.4923,0.4852,0.0539,18.0000,0.1135,0.0641,19.0000,-0.2582,-0.3232,25.0000,1.0023,-0.0011,0.0415
S/USD,choppy,7,0.0685,1,0.1466,0.9309,0.2128,0.0806,0.0506,9.0000,16.8000,5.0000,28.0000,4.0000,33.6000,0.6786,0.7083,-0.3607,-0.3763,-0.1037,-0.2570,6.0000,0.0370,0.0344,1.0000,-0.0543,-0.0595,2.0000,0.7070,-0.1385,0.0555
S/USD,choppy,14,0.0685,1,-0.0071,-0.0355,0.1868,0.0838,0.0829,20.0000,16.0000,6.0000,48.0000,4.0000,67.2000,0.6339,0.7649,-0.4138,-0.4320,-0.2004,-0.2134,7.0000,0.0678,0.0600,3.0000,-0.0543,-0.0595,2.0000,0.6374,-0.1520,0.0536
S/USD,choppy,30,0.0685,1,0.4196,1.0487,0.1967,0.1198,0.0964,39.0000,18.0000,8.0000,80.0000,6.0000,102.8571,0.5597,0.6208,0.1648,0.1414,0.3075,-0.1427,9.0000,0.0774,0.0592,7.0000,-0.5681,-0.5759,3.0000,0.9461,-0.0309,0.0610
S/USD,choppy,90,0.0685,1,0.7343,1.1890,0.1957,0.1236,0.0841,99.0000,21.6000,29.0000,72.0000,16.0000,127.0588,0.4718,0.4792,0.3467,0.2687,0.5187,-0.1720,30.0000,0.0026,-0.0468,19.0000,-0.6829,-0.7245,16.0000,0.9448,-0.0331,0.0488
SEI/USD,choppy,7,0.0065,1,-0.0158,-0.1533,0.1343,0.0845,0.0562,10.0000,15.2727,2.0000,56.0000,0.0000,168.0000,0.4762,0.9167,-0.0166,-0.0244,-0.0162,-0.0004,3.0000,-0.0068,-0.0094,1.0000,0.0166,0.0140,1.0000,0.3847,-0.4201,0.0392
SEI/USD,choppy,14,0.0065,1,0.1889,0.8694,0.1899,0.1328,0.1322,15.0000,21.0000,2.0000,112.0000,0.0000,336.0000,0.7262,0.9583,0.1903,0.1825,0.1907,-0.0004,3.0000,0.0279,0.0227,2.0000,-0.1240,-0.1318,3.0000,1.2044,-0.0216,0.0532
SEI/USD,choppy,30,0.0065,1,0.5002,1.4174,0.2257,0.1574,0.1218,29.0000,24.0000,4.0000,144.0000,2.0000,240.0000,0.6139,0.7069,0.6741,0.6611,0.6143,0.0598,5.0000,-0.0514,-0.0618,4.0000,-0.3261,-0.3469,8.0000,1.2530,0.1338,0.0522
SEI/USD,choppy,90,0.0065,1,0.5382,1.1533,0.2021,0.1196,0.0866,100.0000,21.3861,23.0000,90.0000,11.0000,180.0000,0.4407,0.4523,0.5410,0.4786,0.5673,-0.0263,24.0000,0.0026,-0.0468,19.0000,-0.4133,-0.4601,18.0000,1.0934,0.0074,0.0394
SHIB/USD,choppy,7,-0.0058,1,0.0052,0.0669,0.1748,0.0598,0.0335,13.0000,12.0000,7.0000,21.0000,2.0000,56.0000,0.5060,0.6131,-0.2609,-0.2817,-0.1251,-0.1358,8.0000,0.0233,0.0207,1.0000,0.0489,0.0411,3.0000,0.5979,-0.2450,0.0294
SHIB/USD,choppy,14,-0.0058,1,-0.0479,-0.3708,0.1813,0.0735,0.0598,21.0000,15.2727,10.0000,30.5455,4.0000,67.2000,0.5625,0.6905,-0.3590,-0.3876,-0.2002,-0.1588,11.0000,0.0513,0.0435,3.0000,0.0706,0.0602,4.0000,0.7386,-0.0827,0.0353
SHIB/USD,choppy,30,-0.0058,1,0.0626,0.2956,0.1983,0.1004,0.0622,36.0000,19.4595,16.0000,42.3529,6.0000,102.8571,0.5764,0.6264,-0.2675,-0.3117,-0.0968,-0.1707,17.0000,0.0628,0.0472,6.0000,0.0623,0.0389,9.0000,0.8964,0.0439,0.0375
SHIB/USD,choppy,90,-0.0058,1,0.3545,0.7996,0.2015,0.1120,0.0700,104.0000,20.5714,35.0000,60.0000,15.0000,135.0000,0.4935,0.5444,-0.1327,-0.2263,0.1020,-0.2347,36.0000,0.0637,0.0169,18.0000,-0.1251,-0.1901,25.0000,1.0828,-0.0014,0.0400
SOL/USD,choppy,7,0.0093,1,0.0168,0.2646,0.1713,0.0612,0.0232,13.0000,12.0000,3.0000,42.0000,0.0000,168.0000,0.5833,0.9048,-0.1253,-0.1357,-0.0532,-0.0722,4.0000,0.0140,0.0114,1.0000,0.0613,0.0535,3.0000,0.4000,-0.3657,0.0238
SOL/USD,choppy,14,0.0093,1,0.0215,0.2134,0.1841,0.0864,0.0771,20.0000,16.0000,4.0000,67.2000,0.0000,336.0000,0.6786,0.9464,-0.1391,-0.1521,-0.0577,-0.0814,5.0000,0.0359,0.0281,3.0000,0.0750,0.0620,5.0000,0.6045,-0.1484,0.0266
SOL/USD,choppy,30,0.0093,1,0.1452,0.8831,0.2254,0.1088,0.0767,34.0000,20.5714,12.0000,55.3846,2.0000,240.0000,0.6069,0.7347,-0.0651,-0.0989,0.0428,-0.1079,13.0000,0.0758,0.0550,8.0000,0.0190,-0.0044,9.0000,1.1350,0.0355,0.0280
SOL/USD,choppy,90,0.0093,1,0.5603,1.7368,0.2213,0.1174,0.0810,99.0000,21.6000,31.0000,67.5000,12.0000,166.1538,0.5713,0.6144,0.1234,0.0402,0.3173,-0.1939,32.0000,0.1296,0.0776,20.0000,-0.1052,-0.1650,23.0000,1.0730,0.0494,0.0270
STO/USD,choppy,7,-0.0146,-1,-0.0526,-0.6381,0.1500,0.0982,0.0556,10.0000,15.2727,2.0000,56.0000,3.0000,42.0000,0.1429,0.1369,-0.0281,-0.0359,-0.0402,0.0120,3.0000,0.0333,0.0281,2.0000,0.0362,0.0284,3.0000,0.5078,-0.3024,0.0320
STO/USD,choppy,14,-0.0146,-1,-0.0439,-0.2852,0.1620,0.0954,0.0779,16.0000,19.7647,3.0000,84.0000,3.0000,84.0000,0.4494,0.5357,-0.0518,-0.0622,-0.0471,-0.0047,4.0000,0.0493,0.0415,3.0000,0.0694,0.0564,5.0000,0.4633,-0.2596,0.0421
STO/USD,choppy,30,-0.0146,-1,-0.0119,-0.0580,0.1905,0.1121,0.0655,30.0000,23.2258,7.0000,90.0000,5.0000,120.0000,0.5028,0.4778,-0.0007,-0.0215,-0.0024,0.0017,8.0000,0.0299,0.0117,7.0000,0.0417,0.0183,9.0000,0.6993,-0.1010,0.0378
STO/USD,choppy,90,-0.0146,-1,-0.0569,-0.1428,0.1802,0.0991,0.0613,95.0000,22.5000,28.0000,74.4828,12.0000,166.1538,0.4056,0.3870,-0.3343,-0.4097,-0.1855,-0.1488,29.0000,0.2578,0.1980,23.0000,0.1915,0.1317,23.0000,0.5396,-0.0938,0.0433
SUI/USD,choppy,7,0.0123,1,0.0343,0.2430,0.1294,0.0534,0.0495,8.0000,18.6667,2.0000,56.0000,0.0000,168.0000,0.7619,0.9702,-0.0700,-0.0778,-0.0174,-0.0526,3.0000,0.0585,0.0559,1.0000,0.1084,0.1006,3.0000,0.2616,-0.4901,0.0524
SUI/USD,choppy,14,0.0123,1,0.1796,0.7581,0.1920,0.1021,0.1128,14.0000,22.4000,2.0000,112.0000,0.0000,336.0000,0.8125,0.9851,0.0681,0.0603,0.1207,-0.0526,3.0000,0.1120,0.1042,3.0000,-0.0279,-0.0383,4.0000,0.9004,-0.0753,0.0582
SUI/USD,choppy,30,0.0123,1,0.4896,1.3231,0.2175,0.1386,0.1167,27.0000,25.7143,4.0000,144.0000,2.0000,240.0000,0.6750,0.7333,0.5156,0.5026,0.5157,-0.0002,5.0000,0.1375,0.1193,7.0000,-0.2141,-0.2349,8.0000,1.0532,0.1030,0.0550
SUI/USD,choppy,90,0.0123,1,0.6630,1.2468,0.2003,0.1206,0.0829,106.0000,20.1869,23.0000,90.0000,17.0000,120.0000,0.5167,0.5208,0.3985,0.3361,0.5180,-0.1196,24.0000,0.2931,0.2281,25.0000,-0.3127,-0.3595,18.0000,0.9772,0.0575,0.0430
TAO/USD,choppy,7,0.0051,1,0.0016,0.0149,0.1522,0.0620,0.0325,17.0000,9.3333,5.0000,28.0000,2.0000,56.0000,0.4464,0.6905,-0.2013,-0.2169,-0.0971,-0.1043,6.0000,0.0431,0.0405,1.0000,0.0259,0.0233,1.0000,0.5828,-0.3401,0.0419
TAO/USD,choppy,14,0.0051,1,-0.0285,-0.1563,0.1846,0.0814,0.0750,22.0000,14.6087,8.0000,37.3333,2.0000,112.0000,0.5625,0.8393,-0.2983,-0.3217,-0.1599,-0.1384,9.0000,0.0911,0.0833,3.0000,0.0136,0.0084,2.0000,0.7849,-0.1541,0.0494
TAO/USD,choppy,30,0.0051,1,0.1341,0.4425,0.2187,0.1275,0.0888,40.0000,17.5610,10.0000,65.4545,4.0000,144.0000,0.5583,0.6764,-0.0151,-0.0437,0.0797,-0.0947,11.0000,0.0346,0.0216,5.0000,-0.0891,-0.1073,7.0000,1.0240,0.0389,0.0519
TAO/USD,choppy,90,0.0051,1,0.4851,1.0001,0.2065,0.1078,0.0677,111.0000,19.2857,37.0000,56.8421,19.0000,108.0000,0.4875,0.5407,-0.1587,-0.2575,0.1515,-0.3101,38.0000,0.1643,0.1149,19.0000,-0.2127,-0.2647,20.0000,0.9933,-0.0068,0.0417
TRUMP/USD,choppy,7,-0.0229,-1,-0.0094,-0.0666,0.1426,0.0547,0.0265,9.0000,16.8000,4.0000,33.6000,4.0000,33.6000,0.3690,0.2976,-0.2303,-0.2433,-0.1146,-0.1156,5.0000,0.0030,0.0004,1.0000,0.1700,0.1622,3.0000,0.2090,-0.6124,0.0534
TRUMP/USD,choppy,14,-0.0229,-1,-0.0881,-0.4762,0.1741,0.0742,0.0350,15.0000,21.0000,7.0000,42.0000,7.0000,42.0000,0.4435,0.4345,-0.4287,-0.4495,-0.2507,-0.1780,8.0000,0.0285,0.0207,3.0000,0.2363,0.2233,5.0000,0.6186,-0.1517,0.0517
TRUMP/USD,choppy,30,-0.0229,-1,-0.1322,-0.5185,0.1808,0.0952,0.0579,28.0000,24.8276,8.0000,80.0000,8.0000,80.0000,0.3875,0.3486,-0.2188,-0.2422,-0.1691,-0.0497,9.0000,0.0783,0.0575,8.0000,0.2335,0.2153,7.0000,0.7180,-0.0369,0.0499
TRUMP/USD,choppy,90,-0.0229,-1,0.2525,0.3772,0.1868,0.1048,0.0737,104.0000,20.5714,30.0000,69.6774,16.0000,127.0588,0.4139,0.3847,-0.0393,-0.1199,0.1619,-0.2012,31.0000,0.0459,-0.0035,19.0000,-0.3741,-0.4339,23.0000,0.9743,-0.0567,0.0629
TRX/USD,choppy,7,-0.0010,1,0.0024,0.1232,0.1757,0.0721,0.0445,14.0000,11.2000,9.0000,16.8000,0.0000,168.0000,0.4940,0.3452,-0.0554,-0.0814,-0.0264,-0.0290,10.0000,0.0102,0.0076,1.0000,0.0080,0.0002,3.0000,0.6476,-0.3467,0.0073
TRX/USD,choppy,14,-0.0010,1,-0.0170,-0.5796,0.1938,0.1093,0.0656,22.0000,14.6087,12.0000,25.8462,1.0000,168.0000,0.3065,0.2589,-0.0699,-0.1037,-0.0433,-0.0266,13.0000,0.0164,0.0086,3.0000,0.0146,0.0042,4.0000,0.6433,-0.2191,0.0079
TRX/USD,choppy,30,-0.0010,1,0.0024,0.0495,0.1972,0.1266,0.0743,45.0000,15.6522,14.0000,48.0000,3.0000,180.0000,0.5306,0.5403,-0.0581,-0.0971,-0.0276,-0.0304,15.0000,0.0179,0.0023,6.0000,0.0248,-0.0038,11.0000,0.7099,-0.0973,0.0088
TRX/USD,choppy,90,-0.0010,1,0.0173,0.2211,0.2275,0.1437,0.0832,112.0000,19.1150,34.0000,61.7143,17.0000,120.0000,0.5676,0.5819,-0.1110,-0.2020,-0.0464,-0.0646,35.0000,-0.0201,-0.0591,15.0000,0.0020,-0.0630,25.0000,1.0711,-0.0037,0.0082
TUT/USD,choppy,7,-0.0046,1,0.0355,0.2981,0.1178,0.0685,0.0403,9.0000,16.8000,7.0000,21.0000,1.0000,84.0000,0.5952,0.7024,-0.2476,-0.2684,-0.1042,-0.1434,8.0000,0.0440,0.0414,1.0000,0.0640,0.0588,2.0000,0.2297,-0.2625,0.0442
TUT/USD,choppy,14,-0.0046,1,-0.0133,-0.0548,0.1731,0.1044,0.0635,15.0000,21.0000,8.0000,37.3333,2.0000,112.0000,0.6161,0.7292,-0.1980,-0.2214,-0.1042,-0.0938,9.0000,0.0226,0.0174,2.0000,0.1726,0.1596,5.0000,0.5042,0.0948,0.0652
TUT/USD,choppy,30,-0.0046,1,-0.0400,-0.1048,0.1774,0.1036,0.0745,28.0000,24.8276,9.0000,72.0000,5.0000,120.0000,0.5028,0.4778,0.1970,0.1710,0.0993,0.0977,10.0000,-0.0327,-0.0457,5.0000,0.0392,0.0210,7.0000,0.5689,0.0314,0.0710
TUT/USD,choppy,90,-0.0046,1,1.5399,0.6466,0.2250,0.1481,0.1034,80.0000,26.6667,25.0000,83.0769,11.0000,180.0000,0.5463,0.5519,4.8884,4.8208,4.5470,0.3414,26.0000,-0.5662,-0.5948,11.0000,-4.9445,-4.9965,20.0000,1.5700,0.2224,0.1520
UNI/USD,choppy,7,-0.0413,-1,-0.0378,-0.3700,0.1108,0.0743,0.0432,11.0000,14.0000,8.0000,18.6667,6.0000,24.0000,0.3274,0.3512,-0.0924,-0.1158,-0.0645,-0.0279,9.0000,0.0343,0.0265,3.0000,0.0714,0.0636,3.0000,0.2158,-0.3562,0.0394
UNI/USD,choppy,14,-0.0413,-1,-0.0649,-0.3440,0.1665,0.0849,0.0589,19.0000,16.8000,9.0000,33.6000,7.0000,42.0000,0.4881,0.5655,-0.1418,-0.1678,-0.1030,-0.0388,10.0000,0.0113,0.0009,4.0000,0.1685,0.1529,6.0000,0.6651,0.0086,0.0521
UNI/USD,choppy,30,-0.0413,-1,0.2102,0.5355,0.1816,0.1162,0.0832,41.0000,17.1429,15.0000,45.0000,9.0000,72.0000,0.5931,0.6708,0.0484,0.0068,0.1465,-0.0981,16.0000,0.0514,0.0332,7.0000,0.0625,0.0339,11.0000,0.9873,0.0890,0.0650
UNI/USD,choppy,90,-0.0413,-1,1.6017,1.8176,0.2047,0.1283,0.0970,101.0000,21.1765,31.0000,67.5000,17.0000,120.0000,0.6231,0.6958,1.0205,0.9373,1.1535,-0.1330,32.0000,0.0279,-0.0111,15.0000,-0.3977,-0.4627,25.0000,0.9715,0.0062,0.0555
VIRTUAL/USD,choppy,7,-0.0017,1,-0.0007,-0.0052,0.2047,0.0727,0.0319,6.0000,24.0000,8.0000,18.6667,0.0000,168.0000,0.6310,0.8929,-0.3201,-0.3435,-0.1560,-0.1641,9.0000,0.1036,0.0958,3.0000,0.0182,0.0130,2.0000,0.6198,-0.1306,0.0542
VIRTUAL/USD,choppy,14,-0.0017,1,0.0928,0.3937,0.1898,0.0906,0.0785,15.0000,21.0000,8.0000,37.3333,0.0000,336.0000,0.7560,0.9464,-0.2302,-0.2536,-0.0662,-0.1641,9.0000,0.1839,0.1735,4.0000,0.1043,0.0913,5.0000,0.5421,-0.1568,0.0602
VIRTUAL/USD,choppy,30,-0.0017,1,0.1600,0.5083,0.2078,0.1190,0.0799,29.0000,24.0000,10.0000,65.4545,3.0000,180.0000,0.6042,0.6903,0.0382,0.0096,0.1113,-0.0730,11.0000,0.2490,0.2256,9.0000,0.0557,0.0349,8.0000,0.6795,-0.0701,0.0533
VIRTUAL/USD,choppy,90,-0.0017,1,0.5406,0.9522,0.2147,0.1180,0.0728,84.0000,25.4118,35.0000,60.0000,15.0000,135.0000,0.5282,0.5519,-0.0900,-0.1836,0.2103,-0.3003,36.0000,0.4259,0.3635,24.0000,-0.0901,-0.1473,22.0000,0.8789,-0.0197,0.0478
WIF/USD,choppy,7,-0.0091,-1,0.0298,0.2225,0.1630,0.0516,0.0330,11.0000,14.0000,4.0000,33.6000,0.0000,168.0000,0.7560,0.9524,-0.0784,-0.0888,-0.0240,-0.0544,4.0000,0.0548,0.0522,1.0000,0.0606,0.0528,3.0000,0.3859,-0.2474,0.0499
WIF/USD,choppy,14,-0.0091,-1,-0.0510,-0.2401,0.1607,0.0663,0.0629,21.0000,15.2727,5.0000,56.0000,0.0000,336.0000,0.7470,0.9077,-0.2076,-0.2206,-0.1261,-0.0815,5.0000,0.1301,0.1223,3.0000,0.0804,0.0700,4.0000,0.4411,-0.0956,0.0583
WIF/USD,choppy,30,-0.0091,-1,0.1435,0.4168,0.1940,0.1073,0.0793,41.0000,17.1429,7.0000,90.0000,2.0000,240.0000,0.5972,0.6778,0.1778,0.1596,0.1702,0.0076,7.0000,0.1811,0.1629,7.0000,-0.0569,-0.0777,8.0000,0.9176,0.0234,0.0587
WIF/USD,choppy,90,-0.0091,-1,0.5627,0.9593,0.1830,0.1048,0.0767,138.0000,15.5396,24.0000,86.4000,9.0000,216.0000,0.4648,0.4731,0.4634,0.4010,0.5072,-0.0438,24.0000,0.2967,0.2421,21.0000,-0.2996,-0.3516,20.0000,0.9799,0.0027,0.0491
WLD/USD,choppy,7,0.0121,-1,0.1212,0.6925,0.2126,0.1039,0.0779,4.0000,33.6000,2.0000,56.0000,0.0000,168.0000,0.7679,0.9881,0.0366,0.0288,0.0773,-0.0407,3.0000,0.0286,0.0234,2.0000,0.0377,0.0325,2.0000,0.8954,-0.3120,0.0624
WLD/USD,choppy,14,0.0121,-1,0.1958,0.7057,0.2552,0.1162,0.0795,9.0000,33.6000,5.0000,56.0000,0.0000,336.0000,0.7411,0.9167,-0.1856,-0.2012,0.0067,-0.1924,6.0000,0.1221,0.1117,4.0000,-0.0318,-0.0422,4.0000,1.2460,-0.0434,0.0677
WLD/USD,choppy,30,0.0121,-1,0.3387,0.8276,0.2302,0.1383,0.0876,21.0000,32.7273,7.0000,90.0000,2.0000,240.0000,0.6139,0.6944,-0.0439,-0.0647,0.1305,-0.1744,8.0000,0.0546,0.0364,7.0000,-0.1606,-0.1788,7.0000,1.0539,-0.0290,0.0644
WLD/USD,choppy,90,0.0121,-1,0.4275,0.6833,0.2073,0.1218,0.0739,91.0000,23.4783,24.0000,86.4000,11.0000,180.0000,0.5356,0.5255,-0.2181,-0.2831,0.0936,-0.3118,25.0000,0.0107,-0.0361,18.0000,-0.1470,-0.2042,22.0000,0.9543,-0.0359,0.0549
XLM/USD,choppy,7,-0.0227,-1,-0.0380,-0.4623,0.2105,0.0724,0.0367,8.0000,18.6667,5.0000,28.0000,3.0000,42.0000,0.4048,0.5417,-0.1413,-0.1569,-0.0887,-0.0526,6.0000,0.0445,0.0393,2.0000,0.0155,0.0129,1.0000,0.6736,-0.1361,0.0317
XLM/USD,choppy,14,-0.0227,-1,-0.0162,-0.1001,0.2066,0.0789,0.0661,17.0000,18.6667,9.0000,33.6000,3.0000,84.0000,0.5923,0.7530,-0.3712,-0.3972,-0.1891,-0.1820,10.0000,0.1730,0.1600,5.0000,0.0885,0.0807,3.0000,0.8339,-0.0356,0.0436
XLM/USD,choppy,30,-0.0227,-1,0.1580,0.6076,0.2110,0.0974,0.0593,32.0000,21.8182,13.0000,51.4286,7.0000,90.0000,0.6194,0.6944,-0.3729,-0.4093,-0.1054,-0.2675,14.0000,0.2156,0.1948,8.0000,0.0380,0.0224,6.0000,0.9298,0.0411,0.0441
XLM/USD,choppy,90,-0.0227,-1,0.1721,0.4599,0.2025,0.1045,0.0741,94.0000,22.7368,24.0000,86.4000,14.0000,144.0000,0.4259,0.4074,-0.3416,-0.4066,-0.0775,-0.2641,25.0000,0.2850,0.2226,24.0000,-0.0278,-0.0694,16.0000,0.9397,-0.0220,0.0364
XRP/USD,choppy,7,0.0006,1,0.0060,0.1024,0.1612,0.0461,0.0304,11.0000,14.0000,3.0000,42.0000,4.0000,33.6000,0.3929,0.4464,-0.0901,-0.1005,-0.0414,-0.0487,4.0000,0.0224,0.0198,1.0000,0.0262,0.0210,2.0000,0.4450,-0.2690,0.0222
XRP/USD,choppy,14,0.0006,1,-0.0535,-0.4685,0.1813,0.0698,0.0683,18.0000,17.6842,6.0000,48.0000,4.0000,67.2000,0.4881,0.6339,-0.1272,-0.1454,-0.0900,-0.0372,7.0000,0.0304,0.0252,2.0000,0.1665,0.1535,5.0000,0.6233,-0.1285,0.0313
XRP/USD,choppy,30,0.0006,1,0.0658,0.3338,0.2172,0.1008,0.0623,37.0000,18.9474,12.0000,55.3846,8.0000,80.0000,0.4861,0.5611,-0.2219,-0.2557,-0.0731,-0.1488,13.0000,0.0992,0.0810,7.0000,0.0549,0.0341,8.0000,1.0842,-0.0359,0.0349
XRP/USD,choppy,90,0.0006,1,0.3772,0.9700,0.2140,0.1134,0.0785,113.0000,18.9474,33.0000,63.5294,17.0000,120.0000,0.4125,0.4481,-0.0513,-0.1397,0.1716,-0.2229,34.0000,0.1036,0.0464,22.0000,-0.3211,-0.3705,19.0000,1.1320,-0.0026,0.0348
ZEC/USD,choppy,7,-0.0181,1,-0.0306,-0.2485,0.1433,0.1228,0.0963,11.0000,14.0000,1.0000,84.0000,0.0000,168.0000,0.0952,0.0060,-0.0096,-0.0148,-0.0202,0.0106,2.0000,0.0137,0.0085,2.0000,0.0346,0.0294,2.0000,0.4140,-0.3382,0.0473
ZEC/USD,choppy,14,-0.0181,1,-0.1107,-0.5729,0.2086,0.1077,0.0783,16.0000,19.7647,2.0000,112.0000,1.0000,168.0000,0.3601,0.4167,0.0869,0.0791,-0.0124,0.0993,3.0000,0.0187,0.0109,3.0000,0.1541,0.1437,4.0000,0.6790,-0.1093,0.0547
ZEC/USD,choppy,30,-0.0181,1,0.1122,0.3275,0.2246,0.1181,0.1051,30.0000,23.2258,6.0000,102.8571,1.0000,360.0000,0.5681,0.6778,0.0527,0.0345,0.1082,-0.0556,7.0000,0.1291,0.1161,5.0000,0.0512,0.0304,8.0000,1.0286,0.0424,0.0593
ZEC/USD,choppy,90,-0.0181,1,1.8950,2.1424,0.2308,0.1278,0.1072,87.0000,24.5455,16.0000,127.0588,5.0000,360.0000,0.6028,0.6824,1.0827,1.0385,1.1811,-0.0984,17.0000,0.2887,0.2497,15.0000,-0.7637,-0.8183,21.0000,1.2410,0.0587,0.0523
ZEN/USD,choppy,7,-0.0132,1,0.0114,0.0994,0.1863,0.0865,0.0506,12.0000,12.9231,7.0000,21.0000,0.0000,168.0000,0.3750,0.1488,-0.2178,-0.2386,-0.1013,-0.1165,8.0000,0.0363,0.0337,1.0000,0.0648,0.0596,2.0000,0.6275,-0.2880,0.0430
ZEN/USD,choppy,14,-0.0132,1,-0.1267,-0.6602,0.2090,0.0947,0.0483,24.0000,13.4400,10.0000,30.5455,3.0000,84.0000,0.4107,0.3304,-0.4465,-0.4751,-0.2837,-0.1628,11.0000,-0.0175,-0.0253,3.0000,0.1331,0.1227,4.0000,0.9747,-0.1486,0.0548
ZEN/USD,choppy,30,-0.0132,1,-0.0471,-0.1476,0.1913,0.1032,0.0728,44.0000,16.0000,12.0000,55.3846,5.0000,120.0000,0.5125,0.4986,-0.2743,-0.3081,-0.1527,-0.1216,13.0000,0.0514,0.0384,5.0000,0.1209,0.1001,8.0000,0.8275,-0.1616,0.0597
ZEN/USD,choppy,90,-0.0132,1,0.7188,1.0606,0.1931,0.1086,0.0710,109.0000,19.6364,33.0000,63.5294,16.0000,127.0588,0.4972,0.5148,0.0028,-0.0856,0.3104,-0.3076,34.0000,0.1899,0.1405,19.0000,-0.3065,-0.3637,22.0000,0.8302,-0.1110,0.0538
